{"stats":{"minecraft:custom":{"minecraft:jump":53,"minecraft:time_since_rest":4150,"minecraft:crouch_one_cm":325,"minecraft:play_time":4150,"minecraft:leave_game":3,"minecraft:sprint_one_cm":13678,"minecraft:time_since_death":4150,"minecraft:walk_one_cm":2117,"minecraft:sneak_time":56,"minecraft:total_world_time":4150,"minecraft:fall_one_cm":2057,"minecraft:fly_one_cm":11244},"minecraft:mined":{"minecraft:podzol":3,"minecraft:short_grass":2},"minecraft:used":{"minecraft:dirt":3},"minecraft:picked_up":{"minecraft:dirt":3}},"DataVersion":3953}