{"stats":{"minecraft:picked_up":{"minecraft:crafting_table":9,"minecraft:coarse_dirt":1,"minecraft:feather":18,"minecraft:cooked_beef":6,"minecraft:chicken":12,"minecraft:leather":6,"minecraft:brown_wool":1,"minecraft:smithing_table":1,"minecraft:filled_map":1,"minecraft:brewing_stand":1,"minecraft:dirt":9,"minecraft:red_bed":2,"minecraft:apple":2,"minecraft:wheat_seeds":5,"minecraft:cartography_table":1,"minecraft:spruce_planks":30,"minecraft:iron_ingot":4,"minecraft:beef":18,"minecraft:stone_pickaxe":2,"minecraft:iron_nugget":1,"minecraft:light_gray_wool":5,"minecraft:sugar_cane":10,"minecraft:furnace":3,"minecraft:stick":2,"minecraft:pumpkin":17,"minecraft:torch":7,"minecraft:porkchop":64,"minecraft:spruce_sapling":10,"minecraft:spruce_log":37,"minecraft:leather_helmet":1,"minecraft:mossy_cobblestone":2,"minecraft:orange_bed":10,"minecraft:spruce_boat":1,"minecraft:stone_axe":1,"minecraft:hay_block":62,"minecraft:gray_wool":1,"minecraft:black_wool":1,"minecraft:mutton":69,"minecraft:coal":8,"minecraft:white_wool":32,"minecraft:cobblestone":19,"minecraft:sunflower":1},"minecraft:crafted":{"minecraft:cooked_beef":4,"minecraft:crafting_table":1,"minecraft:spruce_planks":60,"minecraft:wooden_pickaxe":1,"minecraft:furnace":1,"minecraft:stone_axe":2,"minecraft:cooked_mutton":5,"minecraft:air":0,"minecraft:wooden_hoe":1,"minecraft:charcoal":1,"minecraft:iron_axe":1,"minecraft:stick":28,"minecraft:iron_pickaxe":1,"minecraft:iron_ingot":1,"minecraft:stone_pickaxe":1,"minecraft:iron_shovel":2,"minecraft:spruce_boat":2,"minecraft:torch":4},"minecraft:custom":{"minecraft:interact_with_furnace":17,"minecraft:mob_kills":62,"minecraft:interact_with_crafting_table":14,"minecraft:leave_game":1,"minecraft:time_since_death":27600,"minecraft:sleep_in_bed":3,"minecraft:time_since_rest":2291,"minecraft:sprint_one_cm":217137,"minecraft:damage_taken":891,"minecraft:walk_one_cm":51732,"minecraft:drop":33,"minecraft:damage_dealt":6606,"minecraft:swim_one_cm":45526,"minecraft:fly_one_cm":262315,"minecraft:player_kills":1,"minecraft:open_chest":16,"minecraft:crouch_one_cm":13268,"minecraft:play_time":49079,"minecraft:deaths":1,"minecraft:sneak_time":4608,"minecraft:walk_under_water_one_cm":19642,"minecraft:boat_one_cm":180308,"minecraft:jump":1123,"minecraft:walk_on_water_one_cm":13524,"minecraft:total_world_time":49079,"minecraft:fall_one_cm":28461},"minecraft:dropped":{"minecraft:stone_axe":2,"minecraft:sugar_cane":10,"minecraft:wheat_seeds":3,"minecraft:iron_nugget":5,"minecraft:coarse_dirt":1,"minecraft:mossy_cobblestone":1,"minecraft:smithing_table":1,"minecraft:chicken":6,"minecraft:feather":9,"minecraft:cobblestone":1,"minecraft:light_gray_wool":3,"minecraft:flint_and_steel":1,"minecraft:suspicious_stew":2,"minecraft:stick":4,"minecraft:filled_map":1,"minecraft:dirt":2,"minecraft:gray_wool":1,"minecraft:brewing_stand":1,"minecraft:torch":1,"minecraft:stone_pickaxe":1,"minecraft:sunflower":1,"minecraft:beef":4,"minecraft:wooden_pickaxe":1,"minecraft:iron_shovel":1,"minecraft:cartography_table":1,"minecraft:black_wool":1},"minecraft:killed":{"minecraft:pig":21,"minecraft:iron_golem":1,"minecraft:sheep":30,"minecraft:chicken":6,"minecraft:cow":4},"minecraft:broken":{"minecraft:stone_axe":1,"minecraft:wooden_hoe":1},"minecraft:used":{"minecraft:wheat_seeds":1,"minecraft:cooked_mutton":5,"minecraft:stone_pickaxe":35,"minecraft:leather_chestplate":1,"minecraft:spruce_planks":28,"minecraft:wooden_pickaxe":13,"minecraft:orange_bed":1,"minecraft:torch":10,"minecraft:dirt":7,"minecraft:crafting_table":8,"minecraft:spruce_boat":3,"minecraft:wooden_hoe":63,"minecraft:apple":1,"minecraft:iron_axe":15,"minecraft:bread":7,"minecraft:brown_wool":1,"minecraft:stone_axe":171,"minecraft:hay_block":3,"minecraft:furnace":3,"minecraft:cooked_beef":4},"minecraft:mined":{"minecraft:smithing_table":1,"minecraft:spruce_planks":8,"minecraft:red_bed":2,"minecraft:mossy_cobblestone":1,"minecraft:kelp_plant":1,"minecraft:brewing_stand":1,"minecraft:crafting_table":8,"minecraft:short_grass":15,"minecraft:grass_block":3,"minecraft:spruce_leaves":26,"minecraft:sugar_cane":5,"minecraft:cartography_table":1,"minecraft:wall_torch":5,"minecraft:hay_block":62,"minecraft:coarse_dirt":1,"minecraft:furnace":3,"minecraft:wheat":13,"minecraft:spruce_log":29,"minecraft:pumpkin":17,"minecraft:coal_ore":10,"minecraft:flowering_azalea_leaves":1,"minecraft:sunflower":1,"minecraft:dirt":3,"minecraft:stone":18,"minecraft:orange_bed":10,"minecraft:fern":1}},"DataVersion":3953}