{"stats":{"minecraft:picked_up":{"minecraft:coarse_dirt":1,"minecraft:crafting_table":13,"minecraft:chicken":12,"minecraft:smithing_table":1,"minecraft:gold_block":1,"minecraft:potion":1,"minecraft:brewing_stand":1,"minecraft:red_bed":2,"minecraft:iron_axe":1,"minecraft:cartography_table":1,"minecraft:spruce_planks":33,"minecraft:beef":18,"minecraft:iron_nugget":1,"minecraft:light_gray_wool":5,"minecraft:sugar_cane":13,"minecraft:furnace":3,"minecraft:stick":2,"minecraft:torch":7,"minecraft:porkchop":64,"minecraft:orange_bed":12,"minecraft:rotten_flesh":1,"minecraft:hay_block":62,"minecraft:mutton":70,"minecraft:white_wool":32,"minecraft:cobblestone":37,"minecraft:magma_block":12,"minecraft:feather":18,"minecraft:cooked_beef":6,"minecraft:leather":14,"minecraft:brown_wool":1,"minecraft:filled_map":3,"minecraft:flint":3,"minecraft:oak_log":6,"minecraft:dirt":24,"minecraft:apple":2,"minecraft:wheat_seeds":5,"minecraft:iron_ingot":4,"minecraft:stone_pickaxe":2,"minecraft:pumpkin":17,"minecraft:sand":26,"minecraft:spruce_sapling":10,"minecraft:spruce_log":37,"minecraft:leather_helmet":1,"minecraft:mossy_cobblestone":2,"minecraft:stone_axe":1,"minecraft:spruce_boat":2,"minecraft:gray_wool":1,"minecraft:black_wool":1,"minecraft:coal":8,"minecraft:sunflower":1},"minecraft:crafted":{"minecraft:furnace":1,"minecraft:cooked_mutton":5,"minecraft:iron_axe":1,"minecraft:stone_pickaxe":1,"minecraft:spruce_boat":3,"minecraft:cooked_beef":4,"minecraft:crafting_table":1,"minecraft:spruce_planks":72,"minecraft:wooden_pickaxe":1,"minecraft:stone_axe":2,"minecraft:air":0,"minecraft:wooden_hoe":1,"minecraft:charcoal":1,"minecraft:stick":36,"minecraft:iron_ingot":1,"minecraft:iron_pickaxe":2,"minecraft:iron_shovel":2,"minecraft:torch":4},"minecraft:custom":{"minecraft:mob_kills":77,"minecraft:interact_with_crafting_table":17,"minecraft:leave_game":3,"minecraft:time_since_death":65874,"minecraft:sprint_one_cm":261338,"minecraft:walk_one_cm":67413,"minecraft:drop":55,"minecraft:play_time":87353,"minecraft:deaths":1,"minecraft:sneak_time":6535,"minecraft:walk_under_water_one_cm":62773,"minecraft:boat_one_cm":801044,"minecraft:jump":1506,"minecraft:walk_on_water_one_cm":31776,"minecraft:total_world_time":87353,"minecraft:interact_with_furnace":17,"minecraft:sleep_in_bed":5,"minecraft:time_since_rest":13656,"minecraft:damage_taken":1466,"minecraft:damage_dealt":8879,"minecraft:swim_one_cm":131798,"minecraft:player_kills":1,"minecraft:fly_one_cm":354855,"minecraft:open_chest":32,"minecraft:crouch_one_cm":14533,"minecraft:fall_one_cm":39065},"minecraft:dropped":{"minecraft:wheat_seeds":3,"minecraft:mossy_cobblestone":1,"minecraft:smithing_table":1,"minecraft:feather":9,"minecraft:cobblestone":1,"minecraft:stick":10,"minecraft:gold_block":1,"minecraft:dirt":2,"minecraft:gray_wool":1,"minecraft:brewing_stand":1,"minecraft:torch":1,"minecraft:potion":1,"minecraft:sunflower":1,"minecraft:sand":21,"minecraft:iron_axe":1,"minecraft:iron_pickaxe":1,"minecraft:orange_bed":1,"minecraft:iron_shovel":1,"minecraft:stone_axe":2,"minecraft:sugar_cane":10,"minecraft:iron_nugget":5,"minecraft:coarse_dirt":1,"minecraft:obsidian":1,"minecraft:chicken":6,"minecraft:rotten_flesh":1,"minecraft:light_gray_wool":3,"minecraft:suspicious_stew":2,"minecraft:flint_and_steel":1,"minecraft:filled_map":6,"minecraft:spruce_planks":5,"minecraft:spruce_log":2,"minecraft:stone_pickaxe":2,"minecraft:beef":4,"minecraft:wooden_pickaxe":1,"minecraft:cartography_table":1,"minecraft:black_wool":1},"minecraft:killed":{"minecraft:chicken":6,"minecraft:drowned":8,"minecraft:pig":21,"minecraft:iron_golem":1,"minecraft:sheep":30,"minecraft:zombie":1,"minecraft:cow":9},"minecraft:broken":{"minecraft:stone_axe":1,"minecraft:wooden_hoe":1},"minecraft:used":{"minecraft:iron_shovel":49,"minecraft:spruce_planks":28,"minecraft:orange_bed":3,"minecraft:torch":10,"minecraft:dirt":22,"minecraft:spruce_boat":5,"minecraft:iron_axe":62,"minecraft:hay_block":3,"minecraft:furnace":3,"minecraft:cooked_beef":6,"minecraft:wheat_seeds":1,"minecraft:cooked_mutton":5,"minecraft:stone_pickaxe":35,"minecraft:glass_bottle":1,"minecraft:leather_chestplate":1,"minecraft:wooden_pickaxe":13,"minecraft:sand":5,"minecraft:crafting_table":12,"minecraft:spruce_log":1,"minecraft:wooden_hoe":63,"minecraft:apple":1,"minecraft:bread":19,"minecraft:brown_wool":1,"minecraft:iron_pickaxe":30,"minecraft:stone_axe":171,"minecraft:potion":1},"minecraft:mined":{"minecraft:spruce_planks":9,"minecraft:mossy_cobblestone":1,"minecraft:brewing_stand":1,"minecraft:grass_block":3,"minecraft:spruce_leaves":26,"minecraft:cartography_table":1,"minecraft:sandstone":1,"minecraft:hay_block":62,"minecraft:tall_seagrass":1,"minecraft:magma_block":12,"minecraft:furnace":3,"minecraft:pumpkin":17,"minecraft:gold_block":1,"minecraft:flowering_azalea_leaves":1,"minecraft:stone":32,"minecraft:orange_bed":12,"minecraft:smithing_table":1,"minecraft:red_bed":2,"minecraft:kelp_plant":1,"minecraft:crafting_table":12,"minecraft:short_grass":16,"minecraft:sugar_cane":7,"minecraft:wall_torch":5,"minecraft:seagrass":1,"minecraft:coarse_dirt":1,"minecraft:wheat":13,"minecraft:spruce_log":30,"minecraft:coal_ore":10,"minecraft:oak_log":6,"minecraft:gravel":21,"minecraft:sand":27,"minecraft:dirt":3,"minecraft:sunflower":1,"minecraft:fern":1}},"DataVersion":3953}