{"stats":{"minecraft:picked_up":{"minecraft:stick":2,"minecraft:coarse_dirt":1,"minecraft:crafting_table":3,"minecraft:feather":18,"minecraft:chicken":12,"minecraft:leather":6,"minecraft:torch":5,"minecraft:porkchop":40,"minecraft:spruce_sapling":10,"minecraft:spruce_log":37,"minecraft:mossy_cobblestone":2,"minecraft:dirt":9,"minecraft:apple":2,"minecraft:stone_axe":1,"minecraft:wheat_seeds":2,"minecraft:spruce_planks":30,"minecraft:beef":18,"minecraft:stone_pickaxe":1,"minecraft:light_gray_wool":4,"minecraft:coal":6,"minecraft:cooked_beef":6,"minecraft:mutton":39,"minecraft:white_wool":16,"minecraft:cobblestone":18,"minecraft:furnace":3},"minecraft:crafted":{"minecraft:charcoal":1,"minecraft:crafting_table":1,"minecraft:stick":16,"minecraft:spruce_planks":56,"minecraft:wooden_pickaxe":1,"minecraft:stone_pickaxe":1,"minecraft:furnace":1,"minecraft:torch":4,"minecraft:stone_axe":2,"minecraft:cooked_beef":4,"minecraft:air":0,"minecraft:cooked_mutton":5},"minecraft:custom":{"minecraft:time_since_rest":3627,"minecraft:interact_with_furnace":16,"minecraft:sprint_one_cm":126678,"minecraft:walk_one_cm":23207,"minecraft:damage_taken":501,"minecraft:mob_kills":29,"minecraft:drop":4,"minecraft:damage_dealt":2740,"minecraft:swim_one_cm":10027,"minecraft:interact_with_crafting_table":6,"minecraft:fly_one_cm":154193,"minecraft:crouch_one_cm":6968,"minecraft:play_time":25079,"minecraft:deaths":1,"minecraft:sneak_time":2685,"minecraft:walk_under_water_one_cm":7236,"minecraft:jump":689,"minecraft:time_since_death":3600,"minecraft:leave_game":1,"minecraft:walk_on_water_one_cm":6073,"minecraft:total_world_time":25079,"minecraft:fall_one_cm":17686},"minecraft:dropped":{"minecraft:dirt":2,"minecraft:stone_axe":1,"minecraft:coarse_dirt":1,"minecraft:wooden_pickaxe":1},"minecraft:killed":{"minecraft:sheep":10,"minecraft:pig":9,"minecraft:chicken":6,"minecraft:cow":4},"minecraft:broken":{"minecraft:stone_axe":1},"minecraft:used":{"minecraft:cooked_mutton":5,"minecraft:stone_pickaxe":30,"minecraft:spruce_planks":28,"minecraft:wooden_pickaxe":13,"minecraft:stone_axe":98,"minecraft:torch":5,"minecraft:dirt":7,"minecraft:crafting_table":3,"minecraft:furnace":3,"minecraft:cooked_beef":2},"minecraft:mined":{"minecraft:coarse_dirt":1,"minecraft:spruce_planks":8,"minecraft:furnace":2,"minecraft:mossy_cobblestone":1,"minecraft:spruce_log":29,"minecraft:crafting_table":2,"minecraft:short_grass":1,"minecraft:coal_ore":8,"minecraft:grass_block":3,"minecraft:flowering_azalea_leaves":1,"minecraft:dirt":3,"minecraft:spruce_leaves":26,"minecraft:stone":17,"minecraft:wall_torch":5,"minecraft:fern":1}},"DataVersion":3953}