{"stats":{"minecraft:picked_up":{"minecraft:crafting_table":6,"minecraft:coarse_dirt":1,"minecraft:feather":18,"minecraft:cooked_beef":6,"minecraft:chicken":12,"minecraft:leather":6,"minecraft:brown_wool":1,"minecraft:dirt":9,"minecraft:red_bed":2,"minecraft:apple":2,"minecraft:wheat_seeds":4,"minecraft:cartography_table":1,"minecraft:spruce_planks":30,"minecraft:iron_ingot":4,"minecraft:beef":18,"minecraft:stone_pickaxe":1,"minecraft:light_gray_wool":5,"minecraft:furnace":3,"minecraft:stick":2,"minecraft:pumpkin":17,"minecraft:torch":5,"minecraft:porkchop":64,"minecraft:spruce_sapling":10,"minecraft:spruce_log":37,"minecraft:mossy_cobblestone":2,"minecraft:orange_bed":8,"minecraft:stone_axe":1,"minecraft:hay_block":62,"minecraft:gray_wool":1,"minecraft:black_wool":1,"minecraft:mutton":69,"minecraft:coal":8,"minecraft:white_wool":32,"minecraft:cobblestone":19,"minecraft:sunflower":1},"minecraft:crafted":{"minecraft:cooked_beef":4,"minecraft:crafting_table":1,"minecraft:spruce_planks":56,"minecraft:wooden_pickaxe":1,"minecraft:furnace":1,"minecraft:stone_axe":2,"minecraft:cooked_mutton":5,"minecraft:air":0,"minecraft:wooden_hoe":1,"minecraft:charcoal":1,"minecraft:iron_axe":1,"minecraft:stick":20,"minecraft:stone_pickaxe":1,"minecraft:torch":4},"minecraft:custom":{"minecraft:interact_with_furnace":17,"minecraft:mob_kills":62,"minecraft:interact_with_crafting_table":8,"minecraft:leave_game":1,"minecraft:time_since_death":15600,"minecraft:sleep_in_bed":1,"minecraft:time_since_rest":5113,"minecraft:sprint_one_cm":201825,"minecraft:damage_taken":511,"minecraft:walk_one_cm":40770,"minecraft:drop":17,"minecraft:damage_dealt":6584,"minecraft:swim_one_cm":13531,"minecraft:fly_one_cm":241395,"minecraft:player_kills":1,"minecraft:open_chest":8,"minecraft:crouch_one_cm":12759,"minecraft:play_time":37079,"minecraft:deaths":1,"minecraft:sneak_time":4297,"minecraft:walk_under_water_one_cm":7454,"minecraft:jump":1045,"minecraft:walk_on_water_one_cm":7488,"minecraft:total_world_time":37079,"minecraft:fall_one_cm":27358},"minecraft:dropped":{"minecraft:stone_axe":2,"minecraft:wheat_seeds":2,"minecraft:coarse_dirt":1,"minecraft:mossy_cobblestone":1,"minecraft:chicken":6,"minecraft:cobblestone":1,"minecraft:light_gray_wool":3,"minecraft:stick":2,"minecraft:dirt":2,"minecraft:gray_wool":1,"minecraft:sunflower":1,"minecraft:beef":4,"minecraft:wooden_pickaxe":1,"minecraft:black_wool":1},"minecraft:killed":{"minecraft:pig":21,"minecraft:iron_golem":1,"minecraft:sheep":30,"minecraft:chicken":6,"minecraft:cow":4},"minecraft:broken":{"minecraft:stone_axe":1,"minecraft:wooden_hoe":1},"minecraft:mined":{"minecraft:spruce_planks":8,"minecraft:red_bed":2,"minecraft:mossy_cobblestone":1,"minecraft:crafting_table":5,"minecraft:short_grass":10,"minecraft:grass_block":3,"minecraft:spruce_leaves":26,"minecraft:cartography_table":1,"minecraft:wall_torch":5,"minecraft:hay_block":62,"minecraft:coarse_dirt":1,"minecraft:furnace":3,"minecraft:wheat":13,"minecraft:spruce_log":29,"minecraft:pumpkin":17,"minecraft:coal_ore":10,"minecraft:flowering_azalea_leaves":1,"minecraft:sunflower":1,"minecraft:dirt":3,"minecraft:stone":18,"minecraft:orange_bed":8,"minecraft:fern":1},"minecraft:used":{"minecraft:wheat_seeds":1,"minecraft:cooked_mutton":5,"minecraft:stone_pickaxe":34,"minecraft:spruce_planks":28,"minecraft:wooden_pickaxe":13,"minecraft:torch":5,"minecraft:dirt":7,"minecraft:crafting_table":5,"minecraft:wooden_hoe":63,"minecraft:apple":1,"minecraft:iron_axe":3,"minecraft:bread":1,"minecraft:brown_wool":1,"minecraft:stone_axe":171,"minecraft:hay_block":3,"minecraft:furnace":3,"minecraft:cooked_beef":3}},"DataVersion":3953}