{"stats":{"minecraft:picked_up":{"minecraft:stick":1,"minecraft:coarse_dirt":1,"minecraft:crafting_table":2,"minecraft:feather":6,"minecraft:chicken":4,"minecraft:porkchop":3,"minecraft:spruce_sapling":5,"minecraft:spruce_log":28,"minecraft:mossy_cobblestone":1,"minecraft:dirt":9,"minecraft:stone_axe":1,"minecraft:wheat_seeds":1,"minecraft:spruce_planks":7,"minecraft:mutton":7,"minecraft:white_wool":4,"minecraft:cobblestone":15,"minecraft:furnace":1},"minecraft:crafted":{"minecraft:crafting_table":1,"minecraft:stick":12,"minecraft:spruce_planks":24,"minecraft:wooden_pickaxe":1,"minecraft:stone_pickaxe":1,"minecraft:furnace":1,"minecraft:stone_axe":1,"minecraft:air":0,"minecraft:cooked_mutton":5},"minecraft:custom":{"minecraft:time_since_rest":13079,"minecraft:interact_with_furnace":6,"minecraft:sprint_one_cm":60289,"minecraft:walk_one_cm":10726,"minecraft:damage_taken":186,"minecraft:mob_kills":10,"minecraft:drop":4,"minecraft:damage_dealt":726,"minecraft:swim_one_cm":2424,"minecraft:interact_with_crafting_table":4,"minecraft:fly_one_cm":91145,"minecraft:crouch_one_cm":6045,"minecraft:play_time":13079,"minecraft:sneak_time":1842,"minecraft:walk_under_water_one_cm":358,"minecraft:jump":392,"minecraft:time_since_death":13079,"minecraft:leave_game":1,"minecraft:walk_on_water_one_cm":1559,"minecraft:total_world_time":13079,"minecraft:fall_one_cm":11131},"minecraft:dropped":{"minecraft:dirt":2,"minecraft:stone_axe":1,"minecraft:coarse_dirt":1,"minecraft:wooden_pickaxe":1},"minecraft:killed":{"minecraft:sheep":4,"minecraft:pig":2,"minecraft:chicken":4},"minecraft:used":{"minecraft:cooked_mutton":5,"minecraft:stone_pickaxe":11,"minecraft:spruce_planks":3,"minecraft:wooden_pickaxe":13,"minecraft:stone_axe":66,"minecraft:dirt":7,"minecraft:crafting_table":2,"minecraft:furnace":1},"minecraft:mined":{"minecraft:coarse_dirt":1,"minecraft:spruce_planks":3,"minecraft:furnace":1,"minecraft:mossy_cobblestone":1,"minecraft:spruce_log":29,"minecraft:crafting_table":2,"minecraft:short_grass":1,"minecraft:grass_block":3,"minecraft:flowering_azalea_leaves":1,"minecraft:dirt":3,"minecraft:spruce_leaves":26,"minecraft:stone":15,"minecraft:fern":1}},"DataVersion":3953}