{"stats":{"minecraft:picked_up":{"minecraft:crafting_table":13,"minecraft:magma_block":12,"minecraft:coarse_dirt":1,"minecraft:feather":18,"minecraft:cooked_beef":6,"minecraft:chicken":12,"minecraft:brown_wool":1,"minecraft:leather":11,"minecraft:smithing_table":1,"minecraft:filled_map":3,"minecraft:gold_block":1,"minecraft:oak_log":6,"minecraft:brewing_stand":1,"minecraft:dirt":24,"minecraft:red_bed":2,"minecraft:apple":2,"minecraft:wheat_seeds":5,"minecraft:cartography_table":1,"minecraft:spruce_planks":33,"minecraft:iron_ingot":4,"minecraft:beef":18,"minecraft:stone_pickaxe":2,"minecraft:iron_nugget":1,"minecraft:light_gray_wool":5,"minecraft:sugar_cane":10,"minecraft:furnace":3,"minecraft:stick":2,"minecraft:pumpkin":17,"minecraft:torch":7,"minecraft:porkchop":64,"minecraft:sand":26,"minecraft:spruce_sapling":10,"minecraft:spruce_log":37,"minecraft:mossy_cobblestone":2,"minecraft:leather_helmet":1,"minecraft:orange_bed":12,"minecraft:rotten_flesh":1,"minecraft:spruce_boat":1,"minecraft:stone_axe":1,"minecraft:hay_block":62,"minecraft:gray_wool":1,"minecraft:black_wool":1,"minecraft:mutton":70,"minecraft:white_wool":32,"minecraft:coal":8,"minecraft:cobblestone":19,"minecraft:sunflower":1},"minecraft:crafted":{"minecraft:cooked_beef":4,"minecraft:crafting_table":1,"minecraft:spruce_planks":72,"minecraft:wooden_pickaxe":1,"minecraft:furnace":1,"minecraft:stone_axe":2,"minecraft:cooked_mutton":5,"minecraft:air":0,"minecraft:wooden_hoe":1,"minecraft:charcoal":1,"minecraft:iron_axe":1,"minecraft:stick":36,"minecraft:stone_pickaxe":1,"minecraft:iron_ingot":1,"minecraft:iron_pickaxe":2,"minecraft:iron_shovel":2,"minecraft:spruce_boat":3,"minecraft:torch":4},"minecraft:custom":{"minecraft:interact_with_furnace":17,"minecraft:mob_kills":74,"minecraft:interact_with_crafting_table":17,"minecraft:leave_game":3,"minecraft:time_since_death":53874,"minecraft:sleep_in_bed":5,"minecraft:time_since_rest":1656,"minecraft:sprint_one_cm":244838,"minecraft:damage_taken":1406,"minecraft:walk_one_cm":66299,"minecraft:drop":47,"minecraft:damage_dealt":8498,"minecraft:swim_one_cm":114583,"minecraft:fly_one_cm":319710,"minecraft:player_kills":1,"minecraft:open_chest":28,"minecraft:crouch_one_cm":14443,"minecraft:play_time":75353,"minecraft:deaths":1,"minecraft:sneak_time":5345,"minecraft:walk_under_water_one_cm":47410,"minecraft:boat_one_cm":588614,"minecraft:jump":1375,"minecraft:walk_on_water_one_cm":26196,"minecraft:total_world_time":75353,"minecraft:fall_one_cm":36702},"minecraft:dropped":{"minecraft:stone_axe":2,"minecraft:wheat_seeds":3,"minecraft:sugar_cane":10,"minecraft:iron_nugget":5,"minecraft:coarse_dirt":1,"minecraft:mossy_cobblestone":1,"minecraft:smithing_table":1,"minecraft:rotten_flesh":1,"minecraft:chicken":6,"minecraft:feather":9,"minecraft:cobblestone":1,"minecraft:light_gray_wool":3,"minecraft:flint_and_steel":1,"minecraft:suspicious_stew":2,"minecraft:stick":4,"minecraft:filled_map":6,"minecraft:dirt":2,"minecraft:gray_wool":1,"minecraft:torch":1,"minecraft:brewing_stand":1,"minecraft:spruce_planks":5,"minecraft:beef":4,"minecraft:sand":3,"minecraft:sunflower":1,"minecraft:stone_pickaxe":1,"minecraft:spruce_log":2,"minecraft:wooden_pickaxe":1,"minecraft:iron_pickaxe":1,"minecraft:iron_shovel":1,"minecraft:black_wool":1,"minecraft:cartography_table":1},"minecraft:killed":{"minecraft:pig":21,"minecraft:iron_golem":1,"minecraft:sheep":30,"minecraft:zombie":1,"minecraft:chicken":6,"minecraft:drowned":7,"minecraft:cow":7},"minecraft:broken":{"minecraft:stone_axe":1,"minecraft:wooden_hoe":1},"minecraft:used":{"minecraft:cooked_mutton":5,"minecraft:wheat_seeds":1,"minecraft:iron_shovel":28,"minecraft:stone_pickaxe":35,"minecraft:spruce_planks":28,"minecraft:wooden_pickaxe":13,"minecraft:leather_chestplate":1,"minecraft:orange_bed":3,"minecraft:torch":10,"minecraft:sand":5,"minecraft:dirt":22,"minecraft:crafting_table":12,"minecraft:spruce_log":1,"minecraft:spruce_boat":4,"minecraft:wooden_hoe":63,"minecraft:apple":1,"minecraft:iron_axe":55,"minecraft:bread":16,"minecraft:brown_wool":1,"minecraft:iron_pickaxe":16,"minecraft:stone_axe":171,"minecraft:hay_block":3,"minecraft:furnace":3,"minecraft:cooked_beef":6},"minecraft:mined":{"minecraft:smithing_table":1,"minecraft:spruce_planks":9,"minecraft:red_bed":2,"minecraft:mossy_cobblestone":1,"minecraft:kelp_plant":1,"minecraft:brewing_stand":1,"minecraft:crafting_table":12,"minecraft:short_grass":16,"minecraft:grass_block":3,"minecraft:spruce_leaves":26,"minecraft:sugar_cane":5,"minecraft:cartography_table":1,"minecraft:sandstone":1,"minecraft:wall_torch":5,"minecraft:seagrass":1,"minecraft:hay_block":62,"minecraft:tall_seagrass":1,"minecraft:magma_block":12,"minecraft:coarse_dirt":1,"minecraft:furnace":3,"minecraft:wheat":13,"minecraft:spruce_log":30,"minecraft:pumpkin":17,"minecraft:gold_block":1,"minecraft:oak_log":6,"minecraft:coal_ore":10,"minecraft:flowering_azalea_leaves":1,"minecraft:sunflower":1,"minecraft:dirt":3,"minecraft:sand":27,"minecraft:stone":18,"minecraft:fern":1,"minecraft:orange_bed":12}},"DataVersion":3953}