{"stats":{"minecraft:picked_up":{"minecraft:nautilus_shell":2,"minecraft:pink_petals":58,"minecraft:crafting_table":1,"minecraft:leather_chestplate":1,"minecraft:wheat":64,"minecraft:suspicious_stew":2,"minecraft:leather_leggings":1,"minecraft:smithing_table":2,"minecraft:brown_mushroom":1,"minecraft:wooden_pickaxe":1,"minecraft:filled_map":6,"minecraft:potion":1,"minecraft:flint":2,"minecraft:oak_log":1,"minecraft:brewing_stand":2,"minecraft:dirt":16,"minecraft:cooked_salmon":3,"minecraft:flint_and_steel":2,"minecraft:iron_shovel":2,"minecraft:wheat_seeds":3,"minecraft:cartography_table":1,"minecraft:spruce_planks":4,"minecraft:heart_of_the_sea":1,"minecraft:iron_ingot":13,"minecraft:iron_pickaxe":2,"minecraft:light_gray_wool":3,"minecraft:glass_bottle":1,"minecraft:sugar_cane":57,"minecraft:furnace":1,"minecraft:stick":6,"minecraft:sandstone":6,"minecraft:sweet_berries":8,"minecraft:torch":4,"minecraft:gravel":11,"minecraft:sand":56,"minecraft:porkchop":15,"minecraft:cherry_log":2,"minecraft:white_bed":1,"minecraft:spruce_log":6,"minecraft:dark_oak_log":1,"minecraft:prismarine_crystals":5,"minecraft:mossy_cobblestone":1,"minecraft:leather_helmet":1,"minecraft:tnt":1,"minecraft:orange_bed":6,"minecraft:cooked_cod":2,"minecraft:tropical_fish":1,"minecraft:gold_ingot":4,"minecraft:emerald":7,"minecraft:oak_sapling":1,"minecraft:melon_seeds":2,"minecraft:glow_berries":1,"minecraft:mutton":10,"minecraft:white_wool":5,"minecraft:cobblestone":40},"minecraft:crafted":{"minecraft:cooked_beef":1,"minecraft:cherry_planks":8,"minecraft:oak_planks":4,"minecraft:crafting_table":2,"minecraft:spruce_planks":24,"minecraft:air":0,"minecraft:chest":1,"minecraft:spruce_boat":1,"minecraft:dark_oak_planks":4},"minecraft:custom":{"minecraft:interact_with_furnace":4,"minecraft:mob_kills":15,"minecraft:interact_with_crafting_table":3,"minecraft:leave_game":4,"minecraft:time_since_death":36985,"minecraft:sleep_in_bed":5,"minecraft:time_since_rest":11837,"minecraft:sprint_one_cm":197874,"minecraft:damage_taken":2265,"minecraft:walk_one_cm":67165,"minecraft:drop":31,"minecraft:damage_dealt":1574,"minecraft:swim_one_cm":112053,"minecraft:fly_one_cm":582168,"minecraft:open_chest":34,"minecraft:crouch_one_cm":3261,"minecraft:play_time":109975,"minecraft:deaths":6,"minecraft:sneak_time":2826,"minecraft:walk_under_water_one_cm":40474,"minecraft:boat_one_cm":727926,"minecraft:jump":1341,"minecraft:walk_on_water_one_cm":32035,"minecraft:total_world_time":109975,"minecraft:fall_one_cm":47084},"minecraft:dropped":{"minecraft:cooked_beef":1,"minecraft:smithing_table":1,"minecraft:glass_bottle":1,"minecraft:bowl":2,"minecraft:wheat":32,"minecraft:light_gray_wool":3,"minecraft:leather_helmet":2,"minecraft:filled_map":8,"minecraft:leather_chestplate":1,"minecraft:dirt":15,"minecraft:mutton":11,"minecraft:melon_seeds":2,"minecraft:map":3,"minecraft:potion":2,"minecraft:sandstone":1,"minecraft:sand":2,"minecraft:nautilus_shell":2,"minecraft:white_wool":4,"minecraft:cartography_table":1},"minecraft:killed":{"minecraft:pig":7,"minecraft:sheep":7,"minecraft:tropical_fish":1},"minecraft:used":{"minecraft:wheat_seeds":1,"minecraft:leather_leggings":1,"minecraft:iron_shovel":68,"minecraft:flint_and_steel":1,"minecraft:glass_bottle":1,"minecraft:chest":2,"minecraft:wooden_pickaxe":6,"minecraft:cherry_planks":2,"minecraft:orange_bed":5,"minecraft:glow_berries":1,"minecraft:mossy_cobblestone":1,"minecraft:dirt":1,"minecraft:sand":20,"minecraft:crafting_table":3,"minecraft:white_bed":1,"minecraft:spruce_boat":1,"minecraft:bread":14,"minecraft:suspicious_stew":2,"minecraft:iron_pickaxe":91,"minecraft:pink_petals":45,"minecraft:potion":2,"minecraft:sweet_berries":8,"minecraft:furnace":1,"minecraft:cooked_cod":2,"minecraft:potato":6},"minecraft:mined":{"minecraft:podzol":1,"minecraft:white_bed":1,"minecraft:brown_mushroom":1,"minecraft:kelp_plant":1,"minecraft:melon_stem":1,"minecraft:cherry_log":2,"minecraft:crafting_table":1,"minecraft:cave_vines_plant":1,"minecraft:short_grass":44,"minecraft:tall_grass":12,"minecraft:spruce_leaves":1,"minecraft:sugar_cane":11,"minecraft:sandstone":4,"minecraft:pink_petals":21,"minecraft:wheat":1,"minecraft:fire":1,"minecraft:sweet_berry_bush":4,"minecraft:spruce_log":3,"minecraft:gravel":12,"minecraft:sand":75,"minecraft:stone":49,"minecraft:fern":15,"minecraft:orange_bed":6},"minecraft:killed_by":{"minecraft:player":2,"minecraft:drowned":1}},"DataVersion":3953}