{"stats":{"minecraft:picked_up":{"minecraft:stick":6,"minecraft:sweet_berries":8,"minecraft:brown_mushroom":1,"minecraft:wooden_pickaxe":1,"minecraft:spruce_log":3,"minecraft:dark_oak_log":1,"minecraft:dirt":1,"minecraft:wheat_seeds":2,"minecraft:sugar_cane":12,"minecraft:glow_berries":1,"minecraft:mutton":2,"minecraft:white_wool":1},"minecraft:crafted":{"minecraft:crafting_table":1,"minecraft:spruce_planks":12,"minecraft:spruce_boat":1,"minecraft:dark_oak_planks":4},"minecraft:custom":{"minecraft:time_since_rest":13720,"minecraft:sprint_one_cm":52187,"minecraft:damage_taken":421,"minecraft:walk_one_cm":27109,"minecraft:damage_dealt":234,"minecraft:swim_one_cm":3773,"minecraft:interact_with_crafting_table":1,"minecraft:fly_one_cm":57338,"minecraft:crouch_one_cm":1058,"minecraft:play_time":14710,"minecraft:deaths":1,"minecraft:sneak_time":374,"minecraft:walk_under_water_one_cm":1807,"minecraft:boat_one_cm":80483,"minecraft:jump":315,"minecraft:leave_game":1,"minecraft:walk_on_water_one_cm":7298,"minecraft:time_since_death":13691,"minecraft:total_world_time":14710,"minecraft:fall_one_cm":8927},"minecraft:used":{"minecraft:spruce_boat":1,"minecraft:wooden_pickaxe":6,"minecraft:glow_berries":1,"minecraft:dirt":1,"minecraft:sweet_berries":7,"minecraft:crafting_table":1},"minecraft:mined":{"minecraft:podzol":1,"minecraft:brown_mushroom":1,"minecraft:sweet_berry_bush":4,"minecraft:spruce_log":3,"minecraft:cave_vines_plant":1,"minecraft:short_grass":5,"minecraft:spruce_leaves":1,"minecraft:sugar_cane":4,"minecraft:fern":15},"minecraft:killed_by":{"minecraft:player":1}},"DataVersion":3953}