{"stats":{"minecraft:picked_up":{"minecraft:stick":6,"minecraft:crafting_table":1,"minecraft:suspicious_stew":2,"minecraft:sweet_berries":8,"minecraft:smithing_table":1,"minecraft:brown_mushroom":1,"minecraft:torch":4,"minecraft:wooden_pickaxe":1,"minecraft:sand":6,"minecraft:oak_log":1,"minecraft:brewing_stand":1,"minecraft:spruce_log":3,"minecraft:dark_oak_log":1,"minecraft:dirt":16,"minecraft:mossy_cobblestone":1,"minecraft:flint_and_steel":1,"minecraft:orange_bed":3,"minecraft:iron_shovel":1,"minecraft:cartography_table":1,"minecraft:wheat_seeds":3,"minecraft:light_gray_wool":3,"minecraft:oak_sapling":1,"minecraft:melon_seeds":2,"minecraft:sugar_cane":39,"minecraft:glow_berries":1,"minecraft:mutton":2,"minecraft:white_wool":1,"minecraft:furnace":1},"minecraft:crafted":{"minecraft:cooked_beef":1,"minecraft:oak_planks":4,"minecraft:crafting_table":2,"minecraft:spruce_planks":12,"minecraft:spruce_boat":1,"minecraft:dark_oak_planks":4,"minecraft:air":0},"minecraft:custom":{"minecraft:time_since_rest":2291,"minecraft:interact_with_furnace":4,"minecraft:sprint_one_cm":78987,"minecraft:damage_taken":1399,"minecraft:walk_one_cm":37705,"minecraft:drop":4,"minecraft:damage_dealt":250,"minecraft:swim_one_cm":25710,"minecraft:interact_with_crafting_table":1,"minecraft:fly_one_cm":77569,"minecraft:open_chest":5,"minecraft:crouch_one_cm":2535,"minecraft:play_time":50536,"minecraft:deaths":5,"minecraft:sneak_time":1287,"minecraft:walk_under_water_one_cm":6337,"minecraft:boat_one_cm":194558,"minecraft:jump":414,"minecraft:leave_game":2,"minecraft:walk_on_water_one_cm":12258,"minecraft:time_since_death":23785,"minecraft:sleep_in_bed":2,"minecraft:total_world_time":50536,"minecraft:fall_one_cm":15438},"minecraft:dropped":{"minecraft:cooked_beef":1,"minecraft:mutton":11,"minecraft:leather_helmet":1,"minecraft:filled_map":1},"minecraft:used":{"minecraft:spruce_boat":1,"minecraft:wheat_seeds":1,"minecraft:flint_and_steel":1,"minecraft:iron_shovel":3,"minecraft:wooden_pickaxe":6,"minecraft:orange_bed":2,"minecraft:sand":6,"minecraft:glow_berries":1,"minecraft:mossy_cobblestone":1,"minecraft:dirt":1,"minecraft:sweet_berries":8,"minecraft:crafting_table":2,"minecraft:furnace":1,"minecraft:cooked_cod":2},"minecraft:mined":{"minecraft:podzol":1,"minecraft:brown_mushroom":1,"minecraft:melon_stem":1,"minecraft:fire":1,"minecraft:wheat":1,"minecraft:sweet_berry_bush":4,"minecraft:spruce_log":3,"minecraft:crafting_table":1,"minecraft:cave_vines_plant":1,"minecraft:short_grass":5,"minecraft:sand":25,"minecraft:spruce_leaves":1,"minecraft:sugar_cane":11,"minecraft:orange_bed":3,"minecraft:fern":15},"minecraft:killed_by":{"minecraft:player":2,"minecraft:drowned":1}},"DataVersion":3953}