{"stats":{"minecraft:picked_up":{"minecraft:stick":6,"minecraft:sweet_berries":8,"minecraft:brown_mushroom":1,"minecraft:wooden_pickaxe":1,"minecraft:oak_log":1,"minecraft:spruce_log":3,"minecraft:dark_oak_log":1,"minecraft:dirt":16,"minecraft:orange_bed":2,"minecraft:wheat_seeds":2,"minecraft:oak_sapling":1,"minecraft:sugar_cane":23,"minecraft:glow_berries":1,"minecraft:mutton":2,"minecraft:white_wool":1,"minecraft:furnace":1},"minecraft:crafted":{"minecraft:cooked_beef":1,"minecraft:crafting_table":1,"minecraft:spruce_planks":12,"minecraft:spruce_boat":1,"minecraft:dark_oak_planks":4,"minecraft:air":0},"minecraft:custom":{"minecraft:time_since_rest":5113,"minecraft:interact_with_furnace":4,"minecraft:sprint_one_cm":65383,"minecraft:damage_taken":1289,"minecraft:walk_one_cm":32581,"minecraft:drop":2,"minecraft:damage_dealt":234,"minecraft:swim_one_cm":5685,"minecraft:interact_with_crafting_table":1,"minecraft:fly_one_cm":64684,"minecraft:crouch_one_cm":1289,"minecraft:play_time":38536,"minecraft:deaths":5,"minecraft:sneak_time":468,"minecraft:walk_under_water_one_cm":1841,"minecraft:boat_one_cm":149568,"minecraft:jump":354,"minecraft:leave_game":2,"minecraft:walk_on_water_one_cm":7920,"minecraft:time_since_death":11785,"minecraft:sleep_in_bed":1,"minecraft:total_world_time":38536,"minecraft:fall_one_cm":14602},"minecraft:dropped":{"minecraft:cooked_beef":1,"minecraft:mutton":11},"minecraft:used":{"minecraft:spruce_boat":1,"minecraft:wooden_pickaxe":6,"minecraft:orange_bed":1,"minecraft:glow_berries":1,"minecraft:dirt":1,"minecraft:sweet_berries":8,"minecraft:crafting_table":1},"minecraft:mined":{"minecraft:podzol":1,"minecraft:brown_mushroom":1,"minecraft:sweet_berry_bush":4,"minecraft:spruce_log":3,"minecraft:cave_vines_plant":1,"minecraft:short_grass":5,"minecraft:spruce_leaves":1,"minecraft:sugar_cane":8,"minecraft:orange_bed":2,"minecraft:fern":15},"minecraft:killed_by":{"minecraft:player":2,"minecraft:drowned":1}},"DataVersion":3953}