{"stats":{"minecraft:picked_up":{"minecraft:nautilus_shell":2,"minecraft:leather_chestplate":1,"minecraft:crafting_table":1,"minecraft:wheat":64,"minecraft:suspicious_stew":2,"minecraft:leather_leggings":1,"minecraft:brown_mushroom":1,"minecraft:smithing_table":2,"minecraft:wooden_pickaxe":1,"minecraft:filled_map":5,"minecraft:potion":1,"minecraft:oak_log":1,"minecraft:brewing_stand":2,"minecraft:dirt":16,"minecraft:cooked_salmon":3,"minecraft:flint_and_steel":2,"minecraft:iron_shovel":2,"minecraft:wheat_seeds":3,"minecraft:cartography_table":1,"minecraft:spruce_planks":4,"minecraft:heart_of_the_sea":1,"minecraft:iron_ingot":13,"minecraft:iron_pickaxe":2,"minecraft:light_gray_wool":3,"minecraft:glass_bottle":1,"minecraft:sugar_cane":55,"minecraft:furnace":1,"minecraft:stick":6,"minecraft:sandstone":6,"minecraft:sweet_berries":8,"minecraft:torch":4,"minecraft:sand":56,"minecraft:white_bed":1,"minecraft:spruce_log":6,"minecraft:dark_oak_log":1,"minecraft:prismarine_crystals":5,"minecraft:leather_helmet":1,"minecraft:mossy_cobblestone":1,"minecraft:tnt":1,"minecraft:orange_bed":4,"minecraft:cooked_cod":2,"minecraft:tropical_fish":1,"minecraft:emerald":7,"minecraft:gold_ingot":4,"minecraft:oak_sapling":1,"minecraft:melon_seeds":2,"minecraft:glow_berries":1,"minecraft:mutton":2,"minecraft:white_wool":1,"minecraft:cobblestone":13},"minecraft:crafted":{"minecraft:cooked_beef":1,"minecraft:oak_planks":4,"minecraft:crafting_table":2,"minecraft:spruce_planks":24,"minecraft:air":0,"minecraft:chest":1,"minecraft:spruce_boat":1,"minecraft:dark_oak_planks":4},"minecraft:custom":{"minecraft:interact_with_furnace":4,"minecraft:mob_kills":1,"minecraft:interact_with_crafting_table":3,"minecraft:leave_game":2,"minecraft:time_since_death":1546,"minecraft:sleep_in_bed":3,"minecraft:time_since_rest":1571,"minecraft:sprint_one_cm":87528,"minecraft:damage_taken":1700,"minecraft:walk_one_cm":45795,"minecraft:drop":19,"minecraft:damage_dealt":294,"minecraft:swim_one_cm":65798,"minecraft:fly_one_cm":83705,"minecraft:open_chest":20,"minecraft:crouch_one_cm":3017,"minecraft:play_time":74536,"minecraft:deaths":6,"minecraft:sneak_time":2183,"minecraft:walk_under_water_one_cm":20231,"minecraft:boat_one_cm":639818,"minecraft:jump":474,"minecraft:walk_on_water_one_cm":24991,"minecraft:total_world_time":74536,"minecraft:fall_one_cm":19095},"minecraft:dropped":{"minecraft:cooked_beef":1,"minecraft:glass_bottle":1,"minecraft:bowl":1,"minecraft:wheat":32,"minecraft:light_gray_wool":3,"minecraft:leather_helmet":1,"minecraft:filled_map":4,"minecraft:dirt":15,"minecraft:mutton":11,"minecraft:melon_seeds":2,"minecraft:map":3,"minecraft:sandstone":1,"minecraft:sand":1,"minecraft:nautilus_shell":2,"minecraft:cartography_table":1},"minecraft:killed":{"minecraft:tropical_fish":1},"minecraft:used":{"minecraft:wheat_seeds":1,"minecraft:leather_leggings":1,"minecraft:iron_shovel":55,"minecraft:flint_and_steel":1,"minecraft:chest":2,"minecraft:wooden_pickaxe":6,"minecraft:orange_bed":3,"minecraft:glow_berries":1,"minecraft:mossy_cobblestone":1,"minecraft:dirt":1,"minecraft:sand":12,"minecraft:crafting_table":3,"minecraft:white_bed":1,"minecraft:spruce_boat":1,"minecraft:iron_pickaxe":17,"minecraft:suspicious_stew":1,"minecraft:potion":1,"minecraft:sweet_berries":8,"minecraft:furnace":1,"minecraft:cooked_cod":2,"minecraft:potato":6},"minecraft:mined":{"minecraft:podzol":1,"minecraft:white_bed":1,"minecraft:brown_mushroom":1,"minecraft:kelp_plant":1,"minecraft:melon_stem":1,"minecraft:crafting_table":1,"minecraft:cave_vines_plant":1,"minecraft:short_grass":5,"minecraft:spruce_leaves":1,"minecraft:sugar_cane":11,"minecraft:sandstone":4,"minecraft:sweet_berry_bush":4,"minecraft:wheat":1,"minecraft:fire":1,"minecraft:spruce_log":3,"minecraft:sand":75,"minecraft:stone":13,"minecraft:fern":15,"minecraft:orange_bed":4},"minecraft:killed_by":{"minecraft:player":2,"minecraft:drowned":1}},"DataVersion":3953}