{"stats":{"minecraft:used":{"minecraft:dark_oak_log":2},"minecraft:custom":{"minecraft:time_since_rest":600,"minecraft:crouch_one_cm":654,"minecraft:play_time":2995,"minecraft:sprint_one_cm":18158,"minecraft:walk_one_cm":8390,"minecraft:damage_taken":197,"minecraft:deaths":1,"minecraft:sneak_time":240,"minecraft:drop":2,"minecraft:jump":99,"minecraft:damage_dealt":390,"minecraft:leave_game":1,"minecraft:time_since_death":570,"minecraft:total_world_time":2995,"minecraft:player_kills":1,"minecraft:fly_one_cm":22290,"minecraft:fall_one_cm":2417},"minecraft:picked_up":{"minecraft:dark_oak_log":6,"minecraft:dirt":1},"minecraft:dropped":{"minecraft:dirt":1,"minecraft:dark_oak_log":2},"minecraft:mined":{"minecraft:podzol":1,"minecraft:dark_oak_log":5,"minecraft:fern":3}},"DataVersion":3953}